-- data_init

INSERT INTO series (id, name)
VALUES (1, 'Майор Гром'),
       (2, 'Мироходцы'),
       (3, 'Бесобой'),
       (4, 'Ведьма и зверь'),
       (5, 'Death Stranding'),
       (6, 'Комиксы DC'),
       (7, 'Микросупергерои');

INSERT INTO author (id, name)
VALUES (1, 'Артём Габрелянов'),
       (2, 'Евгений Федотов'),
       (3, 'Кодзима Хидео'),
       (4, 'Роман Котков'),
       (5, 'Коскэ Сатакэ'),
       (6, 'Уайлдгус Крис'),
       (7, 'Посух Ольга');

INSERT INTO publisher (id, name)
VALUES (1, 'Bubble'),
       (2, 'Истари Комикс'),
       (3, 'Питер'),
       (4, 'РОСМЭН'),
       (5, 'Самокат');

INSERT INTO magazine (id, title, isbn, series_id, publisher_id, publication_year, price)
VALUES (1, 'Майор Гром. Том 1. Чумной Доктор. Часть 1', '9785001165699', 1, 1, 2015, 279.00),
       (2, 'Мироходцы. Книга 1: Кровь богов.', '9784001165698', 2, 1, 2019, 750.00),
       (3, 'Ведьма и зверь. Том 1', '9785907775336', 4, 2, 2024, 500.00),
       (4, 'Death Stranding. Часть 1', '9783908875372', 5, 3, 2021, 280.00),
       (5, 'Бесобой. Том 1: Имя ему Бесобой', '9782912843443', 3, 1, 2014, 650.00),
       (6, 'Бэтмен: Ночной бродяга', '9781933321384', 6, 4, 2020, 210.00),
       (7, 'Микросупергерои. Самый живучий', '9783738438685', 7, 5, 2024, 980.00);

INSERT INTO magazine_author (magazine_id, author_id)
VALUES (1,2),
       (1,1),
       (2,2),
       (2,4),
       (5,2),
       (5,1),
       (3,5),
       (4,3),
       (6,6),
       (7,7);

INSERT INTO store (id, name, address)
VALUES (1, 'Книжный магазин "Буква"', 'ул. Ленина, д. 10, г. Москва'),
       (2, 'Магазин "Читай-город"', 'пр-т Мира, д. 25, г. Санкт-Петербург'),
       (3, 'Книжная лавка "Первоисточник"', 'ул. Пушкина, д. 5, г. Новосибирск'),
       (4, 'Салон печати "Слово"', 'ул. Гоголя, д. 18, г. Екатеринбург'),
       (5, 'Магазин "Знание"', 'ул. Советская, д. 42, г. Казань');

INSERT INTO department (id, number, name, store_id, capacity)
VALUES
    (1, 1, 'Фантастика', 1, 30), -- 1 магазин
    (2, 2, 'Книги для детей', 1, 20),
    (3, 1, 'Фантастика', 2, 15), -- 2 магазин
    (4, 2, 'Книги для детей', 2, 15),
    (5, 3, 'Манга', 2, 30),
    (6, 1, 'Фантастика', 3, 30),  -- 3 магазин
    (7, 2, 'Книги для детей', 3, 20),
    (8, 3, 'Игры', 3, 10),
    (9, 1, 'Фантастика', 4, 30), -- 4 магазин
    (10, 2, 'Игры', 4, 10),
    (11, 1, 'Фантастика', 5, 30), -- 5 магазин
    (12, 2, 'Манга', 5, 15);

INSERT INTO inventory (department_id, magazine_id, quantity)
VALUES
    (1, 1, 10), -- фантастика
    (1, 2, 7),
    (1, 5, 5),
    (3, 2, 10),
    (6, 1, 20),
    (6, 6, 10),
    (9, 1, 10),
    (9, 2, 18),
    (11, 1, 10),
    (11, 2, 8),
    (11, 6, 7),
    (2, 7, 15), -- книги для детей
    (4, 7, 10),
    (7, 7, 12),
    (5, 3, 15), -- манга
    (12, 3, 10),
    (8, 4, 12); -- игры (10 отдел пустой)

INSERT INTO customer (id, email, full_name, birth_date, address, phone_number)
VALUES
    (1, 'ivan.petrov@gmail.com', 'Петров Иван Олегович', '1990-05-10', 'ул. Зеленая, д. 12, кв. 34, г. Москва', '8-916-123-4567'),
    (2, 'anna.ivanova@yandex.ru', 'Иванова Анна Александровна', '1988-09-15', 'пр-т Ленина, д. 45, кв. 12, г. Санкт-Петербург', '8-812-555-6789'),
    (3, 'pavel.sidorov@rambler.com', 'Сидоров Павел Владимирович', '2006-12-01', 'ул. Лесная, д. 7, кв. 5, г. Новосибирск', '8-383-123-4567'),
    (4, 'olga.romanova@gmail.com', 'Романова Ольга Владимировна', '1995-03-22', 'ул. Гагарина, д. 55, кв. 7, г. Екатеринбург', '8-343-987-6543'),
    (5, 'sergey.smirnov@yandex.com', 'Смирнов Сергей Алексеевич', '1990-07-12', 'ул. Крылова, д. 22, кв. 19, г. Казань', '8-843-555-1234');


INSERT INTO orders (id, customer_id, store_id, order_date, status)
VALUES
    (1, 1, 2, '2024-09-15', 'PAID'),
    (2, 1, 2, '2024-09-16', 'NOT PAID'),
    (3, 3, 1, '2023-09-21', 'COMPLETED'),
    (4, 4, 4, '2022-02-16', 'CANCELLED'),
    (5, 4, 4, '2023-03-17', 'COMPLETED'),
    (6, 4, 4, '2024-04-18', 'COMPLETED');

INSERT INTO order_item (order_id, magazine_id, quantity)
VALUES
    (1, 2, 5), -- 1 заказ
    (2, 2, 10), -- 2 заказ
    (2, 7, 1),
    (3, 5, 1), -- 3 заказ
    (4, 4, 20), -- 4 заказ
    (5, 1, 3), -- 5 заказ
    (6, 2, 1), -- 6 заказ
    (6, 5, 2),
    (6, 6, 1);